1;2010-05-21;2013-08-24
2;2013-08-24;23.023,14
2;2013-08-23;23.020,91
2;2013-08-22;23.018,69
2;2013-08-21;23.016,46
2;2013-08-20;23.014,24
2;2013-08-19;23.012,02
2;2013-08-18;23.009,79
2;2013-08-17;23.007,57
2;2013-08-16;23.005,35
2;2013-08-15;23.003,12
2;2013-08-14;23.000,9
2;2013-08-13;22.998,68
2;2013-08-12;22.996,46
2;2013-08-11;22.994,23
2;2013-08-10;22.992,01
2;2013-08-09;22.989,79
2;2013-08-08;22.985,35
2;2013-08-07;22.980,92
2;2013-08-06;22.976,48
2;2013-08-05;22.972,05
2;2013-08-04;22.967,62
2;2013-08-03;22.963,18
2;2013-08-02;22.958,75
2;2013-08-01;22.954,32
2;2013-07-31;22.949,89
2;2013-07-30;22.945,47
2;2013-07-29;22.941,04
2;2013-07-28;22.936,61
2;2013-07-27;22.932,19
2;2013-07-26;22.927,76
2;2013-07-25;22.923,34
2;2013-07-24;22.918,91
2;2013-07-23;22.914,49
2;2013-07-22;22.910,07
2;2013-07-21;22.905,65
2;2013-07-20;22.901,23
2;2013-07-19;22.896,81
2;2013-07-18;22.892,39
2;2013-07-17;22.887,98
2;2013-07-16;22.883,56
2;2013-07-15;22.879,14
2;2013-07-14;22.874,73
2;2013-07-13;22.870,32
2;2013-07-12;22.865,9
2;2013-07-11;22.861,49
2;2013-07-10;22.857,08
2;2013-07-09;22.852,67
2;2013-07-08;22.852,67
2;2013-07-07;22.852,67
2;2013-07-06;22.852,67
2;2013-07-05;22.852,67
2;2013-07-04;22.852,67
2;2013-07-03;22.852,67
2;2013-07-02;22.852,67
2;2013-07-01;22.852,67
2;2013-06-30;22.852,67
2;2013-06-29;22.852,67
2;2013-06-28;22.852,67
2;2013-06-27;22.852,67
2;2013-06-26;22.852,67
2;2013-06-25;22.852,67
2;2013-06-24;22.852,67
2;2013-06-23;22.852,67
2;2013-06-22;22.852,67
2;2013-06-21;22.852,67
2;2013-06-20;22.852,67
2;2013-06-19;22.852,67
2;2013-06-18;22.852,67
2;2013-06-17;22.852,67
2;2013-06-16;22.852,67
2;2013-06-15;22.852,67
2;2013-06-14;22.852,67
2;2013-06-13;22.852,67
2;2013-06-12;22.852,67
2;2013-06-11;22.852,67
2;2013-06-10;22.852,67
2;2013-06-09;22.852,67
2;2013-06-08;22.856,37
2;2013-06-07;22.860,06
2;2013-06-06;22.863,76
2;2013-06-05;22.867,46
2;2013-06-04;22.871,16
2;2013-06-03;22.874,85
2;2013-06-02;22.878,55
2;2013-06-01;22.882,25
2;2013-05-31;22.885,95
2;2013-05-30;22.889,65
2;2013-05-29;22.893,36
2;2013-05-28;22.897,06
2;2013-05-27;22.900,76
2;2013-05-26;22.904,46
2;2013-05-25;22.908,17
2;2013-05-24;22.911,87
2;2013-05-23;22.915,58
2;2013-05-22;22.919,28
2;2013-05-21;22.922,99
2;2013-05-20;22.926,7
2;2013-05-19;22.930,4
2;2013-05-18;22.934,11
2;2013-05-17;22.937,82
2;2013-05-16;22.941,53
2;2013-05-15;22.945,24
2;2013-05-14;22.948,95
2;2013-05-13;22.952,66
2;2013-05-12;22.956,37
2;2013-05-11;22.960,08
2;2013-05-10;22.963,8
2;2013-05-09;22.967,51
2;2013-05-08;22.964,46
2;2013-05-07;22.961,4
2;2013-05-06;22.958,35
2;2013-05-05;22.955,29
2;2013-05-04;22.952,24
2;2013-05-03;22.949,18
2;2013-05-02;22.946,13
2;2013-05-01;22.943,08
2;2013-04-30;22.940,02
2;2013-04-29;22.936,97
2;2013-04-28;22.933,92
2;2013-04-27;22.930,87
2;2013-04-26;22.927,82
2;2013-04-25;22.924,77
2;2013-04-24;22.921,72
2;2013-04-23;22.918,67
2;2013-04-22;22.915,62
2;2013-04-21;22.912,57
2;2013-04-20;22.909,52
2;2013-04-19;22.906,47
2;2013-04-18;22.903,42
2;2013-04-17;22.900,38
2;2013-04-16;22.897,33
2;2013-04-15;22.894,28
2;2013-04-14;22.891,24
2;2013-04-13;22.888,19
2;2013-04-12;22.885,14
2;2013-04-11;22.882,1
2;2013-04-10;22.879,05
2;2013-04-09;22.876,01
2;2013-04-08;22.875,28
2;2013-04-07;22.874,54
2;2013-04-06;22.873,8
2;2013-04-05;22.873,06
2;2013-04-04;22.872,33
2;2013-04-03;22.871,59
2;2013-04-02;22.870,85
2;2013-04-01;22.870,11
2;2013-03-31;22.869,38
2;2013-03-30;22.868,64
2;2013-03-29;22.867,9
2;2013-03-28;22.867,16
2;2013-03-27;22.866,43
2;2013-03-26;22.865,69
2;2013-03-25;22.864,95
2;2013-03-24;22.864,22
2;2013-03-23;22.863,48
2;2013-03-22;22.862,74
2;2013-03-21;22.862
2;2013-03-20;22.861,27
2;2013-03-19;22.860,53
2;2013-03-18;22.859,79
2;2013-03-17;22.859,06
2;2013-03-16;22.858,32
2;2013-03-15;22.857,58
2;2013-03-14;22.856,84
2;2013-03-13;22.856,11
2;2013-03-12;22.855,37
2;2013-03-11;22.854,63
2;2013-03-10;22.853,9
2;2013-03-09;22.853,16
2;2013-03-08;22.851,52
2;2013-03-07;22.849,89
2;2013-03-06;22.848,26
2;2013-03-05;22.846,63
2;2013-03-04;22.845
2;2013-03-03;22.843,37
2;2013-03-02;22.841,74
2;2013-03-01;22.840,11
2;2013-02-28;22.838,48
2;2013-02-27;22.836,85
2;2013-02-26;22.835,22
2;2013-02-25;22.833,59
2;2013-02-24;22.831,97
2;2013-02-23;22.830,34
2;2013-02-22;22.828,71
2;2013-02-21;22.827,08
2;2013-02-20;22.825,45
2;2013-02-19;22.823,82
2;2013-02-18;22.822,19
2;2013-02-17;22.820,56
2;2013-02-16;22.818,94
2;2013-02-15;22.817,31
2;2013-02-14;22.815,68
2;2013-02-13;22.814,05
2;2013-02-12;22.812,42
2;2013-02-11;22.810,8
2;2013-02-10;22.809,17
2;2013-02-09;22.807,54
2;2013-02-08;22.807,54
2;2013-02-07;22.807,54
2;2013-02-06;22.807,54
2;2013-02-05;22.807,54
2;2013-02-04;22.807,54
2;2013-02-03;22.807,54
2;2013-02-02;22.807,54
2;2013-02-01;22.807,54
2;2013-01-31;22.807,54
2;2013-01-30;22.807,54
2;2013-01-29;22.807,54
2;2013-01-28;22.807,54
2;2013-01-27;22.807,54
2;2013-01-26;22.807,54
2;2013-01-25;22.807,54
2;2013-01-24;22.807,54
2;2013-01-23;22.807,54
2;2013-01-22;22.807,54
2;2013-01-21;22.807,54
2;2013-01-20;22.807,54
2;2013-01-19;22.807,54
2;2013-01-18;22.807,54
2;2013-01-17;22.807,54
2;2013-01-16;22.807,54
2;2013-01-15;22.807,54
2;2013-01-14;22.807,54
2;2013-01-13;22.807,54
2;2013-01-12;22.807,54
2;2013-01-11;22.807,54
2;2013-01-10;22.807,54
2;2013-01-09;22.807,54
2;2013-01-08;22.811,23
2;2013-01-07;22.814,92
2;2013-01-06;22.818,61
2;2013-01-05;22.822,3
2;2013-01-04;22.825,99
2;2013-01-03;22.829,68
2;2013-01-02;22.833,37
2;2013-01-01;22.837,06
2;2012-12-31;22.840,75
2;2012-12-30;22.844,45
2;2012-12-29;22.848,14
2;2012-12-28;22.851,84
2;2012-12-27;22.855,53
2;2012-12-26;22.859,23
2;2012-12-25;22.862,92
2;2012-12-24;22.866,62
2;2012-12-23;22.870,32
2;2012-12-22;22.874,02
2;2012-12-21;22.877,72
2;2012-12-20;22.881,42
2;2012-12-19;22.885,12
2;2012-12-18;22.888,82
2;2012-12-17;22.892,52
2;2012-12-16;22.896,22
2;2012-12-15;22.899,92
2;2012-12-14;22.903,63
2;2012-12-13;22.907,33
2;2012-12-12;22.911,03
2;2012-12-11;22.914,74
2;2012-12-10;22.918,44
2;2012-12-09;22.922,15
2;2012-12-08;22.917,58
2;2012-12-07;22.913,01
2;2012-12-06;22.908,44
2;2012-12-05;22.903,88
2;2012-12-04;22.899,31
2;2012-12-03;22.894,74
2;2012-12-02;22.890,18
2;2012-12-01;22.885,62
2;2012-11-30;22.881,05
2;2012-11-29;22.876,49
2;2012-11-28;22.871,93
2;2012-11-27;22.867,37
2;2012-11-26;22.862,81
2;2012-11-25;22.858,25
2;2012-11-24;22.853,69
2;2012-11-23;22.849,14
2;2012-11-22;22.844,58
2;2012-11-21;22.840,03
2;2012-11-20;22.835,47
2;2012-11-19;22.830,92
2;2012-11-18;22.826,37
2;2012-11-17;22.821,82
2;2012-11-16;22.817,27
2;2012-11-15;22.812,72
2;2012-11-14;22.808,17
2;2012-11-13;22.803,62
2;2012-11-12;22.799,07
2;2012-11-11;22.794,53
2;2012-11-10;22.789,98
2;2012-11-09;22.785,44
2;2012-11-08;22.779,58
2;2012-11-07;22.773,73
2;2012-11-06;22.767,87
2;2012-11-05;22.762,02
2;2012-11-04;22.756,17
2;2012-11-03;22.750,32
2;2012-11-02;22.744,48
2;2012-11-01;22.738,63
2;2012-10-31;22.732,79
2;2012-10-30;22.726,94
2;2012-10-29;22.721,1
2;2012-10-28;22.715,26
2;2012-10-27;22.709,43
2;2012-10-26;22.703,59
2;2012-10-25;22.697,76
2;2012-10-24;22.691,92
2;2012-10-23;22.686,09
2;2012-10-22;22.680,26
2;2012-10-21;22.674,43
2;2012-10-20;22.668,6
2;2012-10-19;22.662,78
2;2012-10-18;22.656,95
2;2012-10-17;22.651,13
2;2012-10-16;22.645,31
2;2012-10-15;22.639,49
2;2012-10-14;22.633,67
2;2012-10-13;22.627,85
2;2012-10-12;22.622,04
2;2012-10-11;22.616,22
2;2012-10-10;22.610,41
2;2012-10-09;22.604,6
2;2012-10-08;22.603,09
2;2012-10-07;22.601,59
2;2012-10-06;22.600,08
2;2012-10-05;22.598,58
2;2012-10-04;22.597,07
2;2012-10-03;22.595,57
2;2012-10-02;22.594,06
2;2012-10-01;22.592,56
2;2012-09-30;22.591,05
2;2012-09-29;22.589,55
2;2012-09-28;22.588,04
2;2012-09-27;22.586,54
2;2012-09-26;22.585,04
2;2012-09-25;22.583,53
2;2012-09-24;22.582,03
2;2012-09-23;22.580,52
2;2012-09-22;22.579,02
2;2012-09-21;22.577,52
2;2012-09-20;22.576,01
2;2012-09-19;22.574,51
2;2012-09-18;22.573,01
2;2012-09-17;22.571,5
2;2012-09-16;22.570
2;2012-09-15;22.568,5
2;2012-09-14;22.566,99
2;2012-09-13;22.565,49
2;2012-09-12;22.563,99
2;2012-09-11;22.562,49
2;2012-09-10;22.560,98
2;2012-09-09;22.559,48
2;2012-09-08;22.559,48
2;2012-09-07;22.559,48
2;2012-09-06;22.559,48
2;2012-09-05;22.559,48
2;2012-09-04;22.559,48
2;2012-09-03;22.559,48
2;2012-09-02;22.559,48
2;2012-09-01;22.559,48
2;2012-08-31;22.559,48
2;2012-08-30;22.559,48
2;2012-08-29;22.559,48
2;2012-08-28;22.559,48
2;2012-08-27;22.559,48
2;2012-08-26;22.559,48
2;2012-08-25;22.559,48
2;2012-08-24;22.559,48
2;2012-08-23;22.559,48
2;2012-08-22;22.559,48
2;2012-08-21;22.559,48
2;2012-08-20;22.559,48
2;2012-08-19;22.559,48
2;2012-08-18;22.559,48
2;2012-08-17;22.559,48
2;2012-08-16;22.559,48
2;2012-08-15;22.559,48
2;2012-08-14;22.559,48
2;2012-08-13;22.559,48
2;2012-08-12;22.559,48
2;2012-08-11;22.559,48
2;2012-08-10;22.559,48
2;2012-08-09;22.559,48
2;2012-08-08;22.561,66
2;2012-08-07;22.563,85
2;2012-08-06;22.566,04
2;2012-08-05;22.568,23
2;2012-08-04;22.570,41
2;2012-08-03;22.572,6
2;2012-08-02;22.574,79
2;2012-08-01;22.576,98
2;2012-07-31;22.579,16
2;2012-07-30;22.581,35
2;2012-07-29;22.583,54
2;2012-07-28;22.585,73
2;2012-07-27;22.587,92
2;2012-07-26;22.590,11
2;2012-07-25;22.592,3
2;2012-07-24;22.594,49
2;2012-07-23;22.596,68
2;2012-07-22;22.598,87
2;2012-07-21;22.601,06
2;2012-07-20;22.603,25
2;2012-07-19;22.605,44
2;2012-07-18;22.607,63
2;2012-07-17;22.609,82
2;2012-07-16;22.612,01
2;2012-07-15;22.614,21
2;2012-07-14;22.616,4
2;2012-07-13;22.618,59
2;2012-07-12;22.620,78
2;2012-07-11;22.622,97
2;2012-07-10;22.625,17
2;2012-07-09;22.627,36
2;2012-07-08;22.627,36
2;2012-07-07;22.627,36
2;2012-07-06;22.627,36
2;2012-07-05;22.627,36
2;2012-07-04;22.627,36
2;2012-07-03;22.627,36
2;2012-07-02;22.627,36
2;2012-07-01;22.627,36
2;2012-06-30;22.627,36
2;2012-06-29;22.627,36
2;2012-06-28;22.627,36
2;2012-06-27;22.627,36
2;2012-06-26;22.627,36
2;2012-06-25;22.627,36
2;2012-06-24;22.627,36
2;2012-06-23;22.627,36
2;2012-06-22;22.627,36
2;2012-06-21;22.627,36
2;2012-06-20;22.627,36
2;2012-06-19;22.627,36
2;2012-06-18;22.627,36
2;2012-06-17;22.627,36
2;2012-06-16;22.627,36
2;2012-06-15;22.627,36
2;2012-06-14;22.627,36
2;2012-06-13;22.627,36
2;2012-06-12;22.627,36
2;2012-06-11;22.627,36
2;2012-06-10;22.627,36
2;2012-06-09;22.627,36
2;2012-06-08;22.626,64
2;2012-06-07;22.625,91
2;2012-06-06;22.625,18
2;2012-06-05;22.624,45
2;2012-06-04;22.623,72
2;2012-06-03;22.622,99
2;2012-06-02;22.622,26
2;2012-06-01;22.621,53
2;2012-05-31;22.620,8
2;2012-05-30;22.620,07
2;2012-05-29;22.619,34
2;2012-05-28;22.618,61
2;2012-05-27;22.617,88
2;2012-05-26;22.617,15
2;2012-05-25;22.616,42
2;2012-05-24;22.615,69
2;2012-05-23;22.614,97
2;2012-05-22;22.614,24
2;2012-05-21;22.613,51
2;2012-05-20;22.612,78
2;2012-05-19;22.612,05
2;2012-05-18;22.611,32
2;2012-05-17;22.610,59
2;2012-05-16;22.609,86
2;2012-05-15;22.609,13
2;2012-05-14;22.608,4
2;2012-05-13;22.607,68
2;2012-05-12;22.606,95
2;2012-05-11;22.606,22
2;2012-05-10;22.605,49
2;2012-05-09;22.604,76
2;2012-05-08;22.603,25
2;2012-05-07;22.601,75
2;2012-05-06;22.600,24
2;2012-05-05;22.598,74
2;2012-05-04;22.597,23
2;2012-05-03;22.595,73
2;2012-05-02;22.594,22
2;2012-05-01;22.592,72
2;2012-04-30;22.591,21
2;2012-04-29;22.589,71
2;2012-04-28;22.588,21
2;2012-04-27;22.586,7
2;2012-04-26;22.585,2
2;2012-04-25;22.583,69
2;2012-04-24;22.582,19
2;2012-04-23;22.580,68
2;2012-04-22;22.579,18
2;2012-04-21;22.577,68
2;2012-04-20;22.576,17
2;2012-04-19;22.574,67
2;2012-04-18;22.573,17
2;2012-04-17;22.571,66
2;2012-04-16;22.570,16
2;2012-04-15;22.568,66
2;2012-04-14;22.567,15
2;2012-04-13;22.565,65
2;2012-04-12;22.564,15
2;2012-04-11;22.562,65
2;2012-04-10;22.561,14
2;2012-04-09;22.559,64
2;2012-04-08;22.556,73
2;2012-04-07;22.553,83
2;2012-04-06;22.550,93
2;2012-04-05;22.548,02
2;2012-04-04;22.545,12
2;2012-04-03;22.542,22
2;2012-04-02;22.539,31
2;2012-04-01;22.536,41
2;2012-03-31;22.533,51
2;2012-03-30;22.530,61
2;2012-03-29;22.527,71
2;2012-03-28;22.524,8
2;2012-03-27;22.521,9
2;2012-03-26;22.519
2;2012-03-25;22.516,1
2;2012-03-24;22.513,21
2;2012-03-23;22.510,31
2;2012-03-22;22.507,41
2;2012-03-21;22.504,51
2;2012-03-20;22.501,61
2;2012-03-19;22.498,71
2;2012-03-18;22.495,82
2;2012-03-17;22.492,92
2;2012-03-16;22.490,02
2;2012-03-15;22.487,13
2;2012-03-14;22.484,23
2;2012-03-13;22.481,34
2;2012-03-12;22.478,44
2;2012-03-11;22.475,55
2;2012-03-10;22.472,65
2;2012-03-09;22.469,76
2;2012-03-08;22.468,98
2;2012-03-07;22.468,21
2;2012-03-06;22.467,43
2;2012-03-05;22.466,66
2;2012-03-04;22.465,89
2;2012-03-03;22.465,11
2;2012-03-02;22.464,34
2;2012-03-01;22.463,56
2;2012-02-29;22.462,79
2;2012-02-28;22.462,01
2;2012-02-27;22.461,24
2;2012-02-26;22.460,47
2;2012-02-25;22.459,69
2;2012-02-24;22.458,92
2;2012-02-23;22.458,14
2;2012-02-22;22.457,37
2;2012-02-21;22.456,6
2;2012-02-20;22.455,82
2;2012-02-19;22.455,05
2;2012-02-18;22.454,27
2;2012-02-17;22.453,5
2;2012-02-16;22.452,73
2;2012-02-15;22.451,95
2;2012-02-14;22.451,18
2;2012-02-13;22.450,4
2;2012-02-12;22.449,63
2;2012-02-11;22.448,86
2;2012-02-10;22.448,08
2;2012-02-09;22.447,31
2;2012-02-08;22.442,98
2;2012-02-07;22.438,65
2;2012-02-06;22.434,32
2;2012-02-05;22.429,99
2;2012-02-04;22.425,66
2;2012-02-03;22.421,34
2;2012-02-02;22.417,01
2;2012-02-01;22.412,68
2;2012-01-31;22.408,36
2;2012-01-30;22.404,04
2;2012-01-29;22.399,71
2;2012-01-28;22.395,39
2;2012-01-27;22.391,07
2;2012-01-26;22.386,75
2;2012-01-25;22.382,43
2;2012-01-24;22.378,11
2;2012-01-23;22.373,79
2;2012-01-22;22.369,48
2;2012-01-21;22.365,16
2;2012-01-20;22.360,84
2;2012-01-19;22.356,53
2;2012-01-18;22.352,22
2;2012-01-17;22.347,9
2;2012-01-16;22.343,59
2;2012-01-15;22.339,28
2;2012-01-14;22.334,97
2;2012-01-13;22.330,66
2;2012-01-12;22.326,35
2;2012-01-11;22.322,04
2;2012-01-10;22.317,74
2;2012-01-09;22.313,43
2;2012-01-08;22.311,27
2;2012-01-07;22.309,12
2;2012-01-06;22.306,96
2;2012-01-05;22.304,81
2;2012-01-04;22.302,65
2;2012-01-03;22.300,5
2;2012-01-02;22.298,34
2;2012-01-01;22.296,19
2;2011-12-31;22.294,03
2;2011-12-30;22.291,88
2;2011-12-29;22.289,73
2;2011-12-28;22.287,57
2;2011-12-27;22.285,42
2;2011-12-26;22.283,26
2;2011-12-25;22.281,11
2;2011-12-24;22.278,96
2;2011-12-23;22.276,81
2;2011-12-22;22.274,65
2;2011-12-21;22.272,5
2;2011-12-20;22.270,35
2;2011-12-19;22.268,2
2;2011-12-18;22.266,05
2;2011-12-17;22.263,89
2;2011-12-16;22.261,74
2;2011-12-15;22.259,59
2;2011-12-14;22.257,44
2;2011-12-13;22.255,29
2;2011-12-12;22.253,14
2;2011-12-11;22.250,99
2;2011-12-10;22.248,84
2;2011-12-09;22.246,69
2;2011-12-08;22.242,99
2;2011-12-07;22.239,29
2;2011-12-06;22.235,6
2;2011-12-05;22.231,9
2;2011-12-04;22.228,21
2;2011-12-03;22.224,51
2;2011-12-02;22.220,82
2;2011-12-01;22.217,12
2;2011-11-30;22.213,43
2;2011-11-29;22.209,74
2;2011-11-28;22.206,04
2;2011-11-27;22.202,35
2;2011-11-26;22.198,66
2;2011-11-25;22.194,97
2;2011-11-24;22.191,28
2;2011-11-23;22.187,59
2;2011-11-22;22.183,9
2;2011-11-21;22.180,22
2;2011-11-20;22.176,53
2;2011-11-19;22.172,84
2;2011-11-18;22.169,16
2;2011-11-17;22.165,47
2;2011-11-16;22.161,79
2;2011-11-15;22.158,1
2;2011-11-14;22.154,42
2;2011-11-13;22.150,74
2;2011-11-12;22.147,05
2;2011-11-11;22.143,37
2;2011-11-10;22.139,69
2;2011-11-09;22.136,01
2;2011-11-08;22.132,45
2;2011-11-07;22.128,89
2;2011-11-06;22.125,33
2;2011-11-05;22.121,77
2;2011-11-04;22.118,21
2;2011-11-03;22.114,65
2;2011-11-02;22.111,09
2;2011-11-01;22.107,54
2;2011-10-31;22.103,98
2;2011-10-30;22.100,42
2;2011-10-29;22.096,87
2;2011-10-28;22.093,31
2;2011-10-27;22.089,76
2;2011-10-26;22.086,21
2;2011-10-25;22.082,65
2;2011-10-24;22.079,1
2;2011-10-23;22.075,55
2;2011-10-22;22.072
2;2011-10-21;22.068,45
2;2011-10-20;22.064,9
2;2011-10-19;22.061,35
2;2011-10-18;22.057,8
2;2011-10-17;22.054,25
2;2011-10-16;22.050,7
2;2011-10-15;22.047,15
2;2011-10-14;22.043,61
2;2011-10-13;22.040,06
2;2011-10-12;22.036,51
2;2011-10-11;22.032,97
2;2011-10-10;22.029,42
2;2011-10-09;22.025,88
2;2011-10-08;22.024,42
2;2011-10-07;22.022,95
2;2011-10-06;22.021,48
2;2011-10-05;22.020,02
2;2011-10-04;22.018,55
2;2011-10-03;22.017,08
2;2011-10-02;22.015,62
2;2011-10-01;22.014,15
2;2011-09-30;22.012,69
2;2011-09-29;22.011,22
2;2011-09-28;22.009,75
2;2011-09-27;22.008,29
2;2011-09-26;22.006,82
2;2011-09-25;22.005,36
2;2011-09-24;22.003,89
2;2011-09-23;22.002,43
2;2011-09-22;22.000,96
2;2011-09-21;21.999,49
2;2011-09-20;21.998,03
2;2011-09-19;21.996,56
2;2011-09-18;21.995,1
2;2011-09-17;21.993,64
2;2011-09-16;21.992,17
2;2011-09-15;21.990,71
2;2011-09-14;21.989,24
2;2011-09-13;21.987,78
2;2011-09-12;21.986,31
2;2011-09-11;21.984,85
2;2011-09-10;21.983,38
2;2011-09-09;21.981,92
2;2011-09-08;21.981,21
2;2011-09-07;21.980,5
2;2011-09-06;21.979,79
2;2011-09-05;21.979,09
2;2011-09-04;21.978,38
2;2011-09-03;21.977,67
2;2011-09-02;21.976,96
2;2011-09-01;21.976,25
2;2011-08-31;21.975,54
2;2011-08-30;21.974,83
2;2011-08-29;21.974,13
2;2011-08-28;21.973,42
2;2011-08-27;21.972,71
2;2011-08-26;21.972
2;2011-08-25;21.971,29
2;2011-08-24;21.970,58
2;2011-08-23;21.969,87
2;2011-08-22;21.969,17
2;2011-08-21;21.968,46
2;2011-08-20;21.967,75
2;2011-08-19;21.967,04
2;2011-08-18;21.966,33
2;2011-08-17;21.965,62
2;2011-08-16;21.964,92
2;2011-08-15;21.964,21
2;2011-08-14;21.963,5
2;2011-08-13;21.962,79
2;2011-08-12;21.962,08
2;2011-08-11;21.961,38
2;2011-08-10;21.960,67
2;2011-08-09;21.959,96
2;2011-08-08;21.958,55
2;2011-08-07;21.957,13
2;2011-08-06;21.955,72
2;2011-08-05;21.954,3
2;2011-08-04;21.952,89
2;2011-08-03;21.951,47
2;2011-08-02;21.950,06
2;2011-08-01;21.948,64
2;2011-07-31;21.947,23
2;2011-07-30;21.945,81
2;2011-07-29;21.944,4
2;2011-07-28;21.942,98
2;2011-07-27;21.941,57
2;2011-07-26;21.940,16
2;2011-07-25;21.938,74
2;2011-07-24;21.937,33
2;2011-07-23;21.935,91
2;2011-07-22;21.934,5
2;2011-07-21;21.933,09
2;2011-07-20;21.931,67
2;2011-07-19;21.930,26
2;2011-07-18;21.928,85
2;2011-07-17;21.927,43
2;2011-07-16;21.926,02
2;2011-07-15;21.924,61
2;2011-07-14;21.923,19
2;2011-07-13;21.921,78
2;2011-07-12;21.920,37
2;2011-07-11;21.918,96
2;2011-07-10;21.917,54
2;2011-07-09;21.916,13
2;2011-07-08;21.913,21
2;2011-07-07;21.910,29
2;2011-07-06;21.907,38
2;2011-07-05;21.904,46
2;2011-07-04;21.901,55
2;2011-07-03;21.898,63
2;2011-07-02;21.895,72
2;2011-07-01;21.892,81
2;2011-06-30;21.889,89
2;2011-06-29;21.886,98
2;2011-06-28;21.884,07
2;2011-06-27;21.881,16
2;2011-06-26;21.878,25
2;2011-06-25;21.875,33
2;2011-06-24;21.872,42
2;2011-06-23;21.869,51
2;2011-06-22;21.866,6
2;2011-06-21;21.863,69
2;2011-06-20;21.860,79
2;2011-06-19;21.857,88
2;2011-06-18;21.854,97
2;2011-06-17;21.852,06
2;2011-06-16;21.849,15
2;2011-06-15;21.846,25
2;2011-06-14;21.843,34
2;2011-06-13;21.840,43
2;2011-06-12;21.837,53
2;2011-06-11;21.834,62
2;2011-06-10;21.831,71
2;2011-06-09;21.828,81
2;2011-06-08;21.826,7
2;2011-06-07;21.824,59
2;2011-06-06;21.822,48
2;2011-06-05;21.820,37
2;2011-06-04;21.818,27
2;2011-06-03;21.816,16
2;2011-06-02;21.814,05
2;2011-06-01;21.811,94
2;2011-05-31;21.809,84
2;2011-05-30;21.807,73
2;2011-05-29;21.805,62
2;2011-05-28;21.803,51
2;2011-05-27;21.801,41
2;2011-05-26;21.799,3
2;2011-05-25;21.797,19
2;2011-05-24;21.795,09
2;2011-05-23;21.792,98
2;2011-05-22;21.790,88
2;2011-05-21;21.788,77
2;2011-05-20;21.786,67
2;2011-05-19;21.784,56
2;2011-05-18;21.782,46
2;2011-05-17;21.780,35
2;2011-05-16;21.778,25
2;2011-05-15;21.776,14
2;2011-05-14;21.774,04
2;2011-05-13;21.771,93
2;2011-05-12;21.769,83
2;2011-05-11;21.767,73
2;2011-05-10;21.765,62
2;2011-05-09;21.763,52
2;2011-05-08;21.757,74
2;2011-05-07;21.751,96
2;2011-05-06;21.746,18
2;2011-05-05;21.740,41
2;2011-05-04;21.734,63
2;2011-05-03;21.728,86
2;2011-05-02;21.723,09
2;2011-05-01;21.717,32
2;2011-04-30;21.711,55
2;2011-04-29;21.705,79
2;2011-04-28;21.700,02
2;2011-04-27;21.694,26
2;2011-04-26;21.688,5
2;2011-04-25;21.682,74
2;2011-04-24;21.676,98
2;2011-04-23;21.671,22
2;2011-04-22;21.665,47
2;2011-04-21;21.659,72
2;2011-04-20;21.653,96
2;2011-04-19;21.648,21
2;2011-04-18;21.642,46
2;2011-04-17;21.636,72
2;2011-04-16;21.630,97
2;2011-04-15;21.625,23
2;2011-04-14;21.619,48
2;2011-04-13;21.613,74
2;2011-04-12;21.608
2;2011-04-11;21.602,26
2;2011-04-10;21.596,53
2;2011-04-09;21.590,79
2;2011-04-08;21.589,39
2;2011-04-07;21.588
2;2011-04-06;21.586,61
2;2011-04-05;21.585,22
2;2011-04-04;21.583,83
2;2011-04-03;21.582,44
2;2011-04-02;21.581,05
2;2011-04-01;21.579,66
2;2011-03-31;21.578,26
2;2011-03-30;21.576,87
2;2011-03-29;21.575,48
2;2011-03-28;21.574,09
2;2011-03-27;21.572,7
2;2011-03-26;21.571,31
2;2011-03-25;21.569,92
2;2011-03-24;21.568,53
2;2011-03-23;21.567,14
2;2011-03-22;21.565,75
2;2011-03-21;21.564,36
2;2011-03-20;21.562,97
2;2011-03-19;21.561,58
2;2011-03-18;21.560,19
2;2011-03-17;21.558,8
2;2011-03-16;21.557,41
2;2011-03-15;21.556,02
2;2011-03-14;21.554,64
2;2011-03-13;21.553,25
2;2011-03-12;21.551,86
2;2011-03-11;21.550,47
2;2011-03-10;21.549,08
2;2011-03-09;21.547,69
2;2011-03-08;21.545,38
2;2011-03-07;21.543,08
2;2011-03-06;21.540,78
2;2011-03-05;21.538,47
2;2011-03-04;21.536,17
2;2011-03-03;21.533,86
2;2011-03-02;21.531,56
2;2011-03-01;21.529,26
2;2011-02-28;21.526,95
2;2011-02-27;21.524,65
2;2011-02-26;21.522,35
2;2011-02-25;21.520,04
2;2011-02-24;21.517,74
2;2011-02-23;21.515,44
2;2011-02-22;21.513,14
2;2011-02-21;21.510,84
2;2011-02-20;21.508,54
2;2011-02-19;21.506,24
2;2011-02-18;21.503,93
2;2011-02-17;21.501,63
2;2011-02-16;21.499,33
2;2011-02-15;21.497,03
2;2011-02-14;21.494,73
2;2011-02-13;21.492,44
2;2011-02-12;21.490,14
2;2011-02-11;21.487,84
2;2011-02-10;21.485,54
2;2011-02-09;21.483,24
2;2011-02-08;21.482,55
2;2011-02-07;21.481,86
2;2011-02-06;21.481,16
2;2011-02-05;21.480,47
2;2011-02-04;21.479,78
2;2011-02-03;21.479,09
2;2011-02-02;21.478,39
2;2011-02-01;21.477,7
2;2011-01-31;21.477,01
2;2011-01-30;21.476,32
2;2011-01-29;21.475,62
2;2011-01-28;21.474,93
2;2011-01-27;21.474,24
2;2011-01-26;21.473,55
2;2011-01-25;21.472,85
2;2011-01-24;21.472,16
2;2011-01-23;21.471,47
2;2011-01-22;21.470,78
2;2011-01-21;21.470,09
2;2011-01-20;21.469,39
2;2011-01-19;21.468,7
2;2011-01-18;21.468,01
2;2011-01-17;21.467,32
2;2011-01-16;21.466,62
2;2011-01-15;21.465,93
2;2011-01-14;21.465,24
2;2011-01-13;21.464,55
2;2011-01-12;21.463,86
2;2011-01-11;21.463,16
2;2011-01-10;21.462,47
2;2011-01-09;21.461,78
2;2011-01-08;21.461,09
2;2011-01-07;21.460,4
2;2011-01-06;21.459,7
2;2011-01-05;21.459,01
2;2011-01-04;21.458,32
2;2011-01-03;21.457,63
2;2011-01-02;21.456,94
2;2011-01-01;21.456,25
2;2010-12-31;21.455,55
2;2010-12-30;21.454,86
2;2010-12-29;21.454,17
2;2010-12-28;21.453,48
2;2010-12-27;21.452,79
2;2010-12-26;21.452,09
2;2010-12-25;21.451,4
2;2010-12-24;21.450,71
2;2010-12-23;21.450,02
2;2010-12-22;21.449,33
2;2010-12-21;21.448,64
2;2010-12-20;21.447,95
2;2010-12-19;21.447,25
2;2010-12-18;21.446,56
2;2010-12-17;21.445,87
2;2010-12-16;21.445,18
2;2010-12-15;21.444,49
2;2010-12-14;21.443,8
2;2010-12-13;21.443,11
2;2010-12-12;21.442,41
2;2010-12-11;21.441,72
2;2010-12-10;21.441,03
2;2010-12-09;21.440,34
2;2010-12-08;21.439,62
2;2010-12-07;21.438,91
2;2010-12-06;21.438,2
2;2010-12-05;21.437,48
2;2010-12-04;21.436,77
2;2010-12-03;21.436,05
2;2010-12-02;21.435,34
2;2010-12-01;21.434,63
2;2010-11-30;21.433,91
2;2010-11-29;21.433,2
2;2010-11-28;21.432,48
2;2010-11-27;21.431,77
2;2010-11-26;21.431,05
2;2010-11-25;21.430,34
2;2010-11-24;21.429,63
2;2010-11-23;21.428,91
2;2010-11-22;21.428,2
2;2010-11-21;21.427,48
2;2010-11-20;21.426,77
2;2010-11-19;21.426,06
2;2010-11-18;21.425,34
2;2010-11-17;21.424,63
2;2010-11-16;21.423,92
2;2010-11-15;21.423,2
2;2010-11-14;21.422,49
2;2010-11-13;21.421,77
2;2010-11-12;21.421,06
2;2010-11-11;21.420,35
2;2010-11-10;21.419,63
2;2010-11-09;21.418,92
2;2010-11-08;21.416,17
2;2010-11-07;21.413,41
2;2010-11-06;21.410,65
2;2010-11-05;21.407,89
2;2010-11-04;21.405,14
2;2010-11-03;21.402,38
2;2010-11-02;21.399,63
2;2010-11-01;21.396,87
2;2010-10-31;21.394,11
2;2010-10-30;21.391,36
2;2010-10-29;21.388,61
2;2010-10-28;21.385,85
2;2010-10-27;21.383,1
2;2010-10-26;21.380,34
2;2010-10-25;21.377,59
2;2010-10-24;21.374,84
2;2010-10-23;21.372,09
2;2010-10-22;21.369,33
2;2010-10-21;21.366,58
2;2010-10-20;21.363,83
2;2010-10-19;21.361,08
2;2010-10-18;21.358,33
2;2010-10-17;21.355,58
2;2010-10-16;21.352,83
2;2010-10-15;21.350,08
2;2010-10-14;21.347,33
2;2010-10-13;21.344,58
2;2010-10-12;21.341,83
2;2010-10-11;21.339,09
2;2010-10-10;21.336,34
2;2010-10-09;21.333,59
2;2010-10-08;21.334,3
2;2010-10-07;21.335,01
2;2010-10-06;21.335,72
2;2010-10-05;21.336,43
2;2010-10-04;21.337,14
2;2010-10-03;21.337,85
2;2010-10-02;21.338,57
2;2010-10-01;21.339,28
2;2010-09-30;21.339,99
2;2010-09-29;21.340,7
2;2010-09-28;21.341,41
2;2010-09-27;21.342,12
2;2010-09-26;21.342,84
2;2010-09-25;21.343,55
2;2010-09-24;21.344,26
2;2010-09-23;21.344,97
2;2010-09-22;21.345,68
2;2010-09-21;21.346,4
2;2010-09-20;21.347,11
2;2010-09-19;21.347,82
2;2010-09-18;21.348,53
2;2010-09-17;21.349,24
2;2010-09-16;21.349,96
2;2010-09-15;21.350,67
2;2010-09-14;21.351,38
2;2010-09-13;21.352,09
2;2010-09-12;21.352,8
2;2010-09-11;21.353,52
2;2010-09-10;21.354,23
2;2010-09-09;21.354,94
2;2010-09-08;21.350,81
2;2010-09-07;21.346,7
2;2010-09-06;21.342,58
2;2010-09-05;21.338,46
2;2010-09-04;21.334,34
2;2010-09-03;21.330,22
2;2010-09-02;21.326,11
2;2010-09-01;21.321,99
2;2010-08-31;21.317,88
2;2010-08-30;21.313,77
2;2010-08-29;21.309,65
2;2010-08-28;21.305,54
2;2010-08-27;21.301,43
2;2010-08-26;21.297,32
2;2010-08-25;21.293,21
2;2010-08-24;21.289,1
2;2010-08-23;21.285
2;2010-08-22;21.280,89
2;2010-08-21;21.276,78
2;2010-08-20;21.272,68
2;2010-08-19;21.268,57
2;2010-08-18;21.264,47
2;2010-08-17;21.260,37
2;2010-08-16;21.256,26
2;2010-08-15;21.252,16
2;2010-08-14;21.248,06
2;2010-08-13;21.243,96
2;2010-08-12;21.239,86
2;2010-08-11;21.235,76
2;2010-08-10;21.231,67
2;2010-08-09;21.227,57
2;2010-08-08;21.227,57
2;2010-08-07;21.227,57
2;2010-08-06;21.227,57
2;2010-08-05;21.227,57
2;2010-08-04;21.227,57
2;2010-08-03;21.227,57
2;2010-08-02;21.227,57
2;2010-08-01;21.227,57
2;2010-07-31;21.227,57
2;2010-07-30;21.227,57
2;2010-07-29;21.227,57
2;2010-07-28;21.227,57
2;2010-07-27;21.227,57
2;2010-07-26;21.227,57
2;2010-07-25;21.227,57
2;2010-07-24;21.227,57
2;2010-07-23;21.227,57
2;2010-07-22;21.227,57
2;2010-07-21;21.227,57
2;2010-07-20;21.227,57
2;2010-07-19;21.227,57
2;2010-07-18;21.227,57
2;2010-07-17;21.227,57
2;2010-07-16;21.227,57
2;2010-07-15;21.227,57
2;2010-07-14;21.227,57
2;2010-07-13;21.227,57
2;2010-07-12;21.227,57
2;2010-07-11;21.227,57
2;2010-07-10;21.227,57
2;2010-07-09;21.227,57
2;2010-07-08;21.224,75
2;2010-07-07;21.221,92
2;2010-07-06;21.219,1
2;2010-07-05;21.216,28
2;2010-07-04;21.213,45
2;2010-07-03;21.210,63
2;2010-07-02;21.207,81
2;2010-07-01;21.204,99
2;2010-06-30;21.202,16
2;2010-06-29;21.199,34
2;2010-06-28;21.196,52
2;2010-06-27;21.193,7
2;2010-06-26;21.190,88
2;2010-06-25;21.188,06
2;2010-06-24;21.185,24
2;2010-06-23;21.182,42
2;2010-06-22;21.179,61
2;2010-06-21;21.176,79
2;2010-06-20;21.173,97
2;2010-06-19;21.171,15
2;2010-06-18;21.168,34
2;2010-06-17;21.165,52
2;2010-06-16;21.162,7
2;2010-06-15;21.159,89
2;2010-06-14;21.157,07
2;2010-06-13;21.154,26
2;2010-06-12;21.151,44
2;2010-06-11;21.148,63
2;2010-06-10;21.145,81
2;2010-06-09;21.143
2;2010-06-08;21.139,6
2;2010-06-07;21.136,2
2;2010-06-06;21.132,8
2;2010-06-05;21.129,4
2;2010-06-04;21.126
2;2010-06-03;21.122,6
2;2010-06-02;21.119,2
2;2010-06-01;21.115,8
2;2010-05-31;21.112,41
2;2010-05-30;21.109,01
2;2010-05-29;21.105,61
2;2010-05-28;21.102,22
2;2010-05-27;21.098,82
2;2010-05-26;21.095,43
2;2010-05-25;21.092,04
2;2010-05-24;21.088,64
2;2010-05-23;21.085,25
2;2010-05-22;21.081,86
2;2010-05-21;21.078,47